122.0, 438.0, 0
265.0, 348.0, 0
89.0, 457.0, 0
274.0, 214.0, 18
269.0, 276.0, 18
91.0, 338.0, 0
232.0, 458.0, 0
70.0, 469.0, 0
203.0, 458.0, 0
145.0, 275.0, 2
463.0, 122.0, 9
178.0, 324.0, 0
186.0, 293.0, 2
418.0, 99.0, 1
260.0, 127.0, 18
213.0, 155.0, 18
12.0, 447.0, 0
261.0, 413.0, 0
163.0, 265.0, 2
100.0, 298.0, 0
15.0, 463.0, 0
206.0, 394.0, 0
522.0, 387.0, 15
89.0, 86.0, 6
188.0, 246.0, 2
432.0, 372.0, 3
256.0, 151.0, 18
396.0, 370.0, 3
101.0, 463.0, 0
35.0, 474.0, 0
45.0, 378.0, 0
27.0, 362.0, 0
455.0, 260.0, 4
338.0, 164.0, 18
396.0, 87.0, 1
140.0, 467.0, 0
180.0, 359.0, 0
397.0, 372.0, 3
42.0, 352.0, 0
449.0, 90.0, 5
367.0, 382.0, 18
216.0, 230.0, 2
188.0, 409.0, 0
112.0, 161.0, 2
184.0, 228.0, 2
261.0, 300.0, 18
113.0, 105.0, 6
101.0, 109.0, 6
113.0, 110.0, 6
106.0, 108.0, 6
96.0, 95.0, 6
103.0, 104.0, 6
107.0, 100.0, 6
99.0, 93.0, 6
105.0, 110.0, 6
111.0, 97.0, 6
105.0, 102.0, 6
96.0, 98.0, 6
99.0, 109.0, 6
106.0, 101.0, 6
96.0, 102.0, 6
102.0, 97.0, 6
102.0, 111.0, 6
99.0, 105.0, 6
100.0, 106.0, 6
105.0, 111.0, 6
106.0, 111.0, 6
96.0, 101.0, 6
108.0, 113.0, 6
109.0, 109.0, 6
108.0, 114.0, 6
94.0, 108.0, 6
93.0, 123.0, 7
98.0, 114.0, 6
108.0, 122.0, 6
107.0, 122.0, 6
95.0, 116.0, 6
109.0, 111.0, 6
93.0, 113.0, 6
108.0, 116.0, 6
96.0, 120.0, 7
93.0, 130.0, 7
110.0, 121.0, 6
103.0, 126.0, 7
104.0, 131.0, 7
109.0, 131.0, 7
107.0, 116.0, 6
100.0, 130.0, 7
94.0, 125.0, 7
105.0, 130.0, 7
107.0, 130.0, 7
105.0, 139.0, 7
97.0, 139.0, 7
108.0, 130.0, 7
92.0, 125.0, 7
97.0, 132.0, 7
93.0, 135.0, 7
105.0, 123.0, 7
104.0, 124.0, 7
93.0, 127.0, 7
107.0, 135.0, 7
106.0, 142.0, 7
102.0, 139.0, 7
104.0, 133.0, 7
102.0, 141.0, 7
111.0, 142.0, 7
106.0, 133.0, 7
106.0, 140.0, 7
100.0, 134.0, 7
96.0, 135.0, 7
97.0, 135.0, 7
110.0, 147.0, 2
112.0, 136.0, 7
100.0, 147.0, 7
95.0, 131.0, 7
109.0, 132.0, 7
110.0, 139.0, 7
106.0, 137.0, 7
109.0, 139.0, 7
118.0, 149.0, 2
119.0, 155.0, 2
109.0, 156.0, 2
118.0, 151.0, 2
115.0, 156.0, 2
112.0, 153.0, 2
101.0, 151.0, 2
102.0, 144.0, 7
109.0, 143.0, 7
122.0, 161.0, 2
126.0, 155.0, 2
119.0, 159.0, 2
115.0, 153.0, 2
122.0, 158.0, 2
114.0, 168.0, 2
125.0, 165.0, 2
133.0, 165.0, 2
132.0, 163.0, 2
129.0, 162.0, 2
138.0, 171.0, 2
137.0, 170.0, 2
140.0, 158.0, 2
122.0, 167.0, 2
134.0, 168.0, 2
129.0, 155.0, 2
125.0, 170.0, 2
123.0, 157.0, 2
132.0, 161.0, 2
127.0, 156.0, 2
128.0, 170.0, 2
135.0, 161.0, 2
138.0, 172.0, 2
133.0, 170.0, 2
140.0, 169.0, 2
145.0, 168.0, 2
137.0, 162.0, 2
150.0, 174.0, 2
134.0, 161.0, 2
150.0, 177.0, 2
140.0, 172.0, 2
148.0, 164.0, 2
146.0, 177.0, 2
134.0, 163.0, 2
151.0, 178.0, 2
144.0, 168.0, 2
144.0, 171.0, 2
152.0, 172.0, 2
154.0, 171.0, 2
151.0, 180.0, 2
158.0, 163.0, 2
152.0, 169.0, 2
142.0, 165.0, 2
153.0, 164.0, 2
156.0, 180.0, 2
153.0, 171.0, 2
149.0, 168.0, 2
164.0, 182.0, 2
155.0, 168.0, 2
162.0, 170.0, 2
164.0, 168.0, 2
154.0, 169.0, 2
165.0, 164.0, 2
166.0, 168.0, 2
150.0, 181.0, 2
152.0, 163.0, 2
161.0, 182.0, 2
157.0, 180.0, 2
163.0, 170.0, 2
160.0, 173.0, 2
170.0, 179.0, 2
159.0, 181.0, 2
161.0, 174.0, 2
152.0, 165.0, 2
163.0, 169.0, 2
169.0, 182.0, 2
161.0, 177.0, 2
169.0, 180.0, 2
155.0, 173.0, 2
172.0, 181.0, 2
167.0, 177.0, 2
166.0, 171.0, 2
171.0, 167.0, 2
158.0, 176.0, 2
159.0, 166.0, 2
177.0, 168.0, 8
170.0, 178.0, 2
168.0, 178.0, 2
166.0, 174.0, 2
177.0, 171.0, 8
161.0, 163.0, 2
179.0, 169.0, 8
175.0, 163.0, 8
179.0, 172.0, 8
177.0, 179.0, 2
172.0, 167.0, 2
175.0, 170.0, 8
183.0, 164.0, 8
169.0, 175.0, 2
171.0, 174.0, 2
173.0, 177.0, 2
185.0, 174.0, 8
177.0, 167.0, 8
173.0, 175.0, 2
179.0, 177.0, 8
173.0, 164.0, 8
173.0, 163.0, 8
179.0, 173.0, 8
181.0, 171.0, 8
173.0, 168.0, 8
188.0, 163.0, 8
182.0, 167.0, 8
178.0, 174.0, 8
178.0, 160.0, 8
187.0, 161.0, 8
194.0, 164.0, 8
193.0, 165.0, 8
179.0, 166.0, 8
180.0, 169.0, 8
195.0, 160.0, 8
184.0, 169.0, 8
184.0, 160.0, 8
188.0, 174.0, 8
183.0, 167.0, 8
181.0, 162.0, 8
182.0, 171.0, 8
181.0, 163.0, 8
185.0, 171.0, 8
180.0, 166.0, 8
197.0, 162.0, 8
184.0, 168.0, 8
184.0, 162.0, 8
190.0, 155.0, 8
191.0, 153.0, 8
197.0, 156.0, 8
192.0, 166.0, 8
190.0, 165.0, 8
191.0, 163.0, 8
183.0, 158.0, 8
188.0, 152.0, 8
179.0, 163.0, 8
188.0, 167.0, 8
193.0, 167.0, 8
186.0, 155.0, 8
193.0, 152.0, 8
181.0, 153.0, 8
184.0, 161.0, 8
191.0, 156.0, 8
187.0, 151.0, 8
180.0, 159.0, 8
199.0, 161.0, 8
185.0, 150.0, 8
187.0, 149.0, 8
194.0, 143.0, 8
198.0, 141.0, 8
188.0, 147.0, 8
190.0, 151.0, 8
183.0, 143.0, 8
199.0, 141.0, 8
186.0, 144.0, 8
193.0, 150.0, 8
189.0, 143.0, 8
202.0, 141.0, 8
197.0, 136.0, 8
198.0, 142.0, 8
201.0, 138.0, 8
185.0, 144.0, 8
201.0, 147.0, 8
196.0, 153.0, 8
197.0, 141.0, 8
187.0, 146.0, 8
187.0, 135.0, 8
186.0, 136.0, 8
199.0, 135.0, 8
193.0, 147.0, 8
184.0, 143.0, 8
198.0, 133.0, 8
198.0, 129.0, 8
201.0, 140.0, 8
199.0, 144.0, 8
189.0, 130.0, 8
187.0, 136.0, 8
189.0, 135.0, 8
192.0, 146.0, 8
191.0, 135.0, 8
197.0, 137.0, 8
194.0, 144.0, 8
201.0, 145.0, 8
195.0, 129.0, 8
202.0, 137.0, 8
189.0, 127.0, 8
195.0, 127.0, 8
194.0, 129.0, 8
194.0, 125.0, 8
197.0, 142.0, 8
193.0, 134.0, 8
198.0, 127.0, 8
184.0, 137.0, 8
185.0, 138.0, 8
183.0, 140.0, 8
185.0, 131.0, 8
185.0, 127.0, 8
194.0, 120.0, 8
183.0, 134.0, 8
195.0, 136.0, 8
195.0, 135.0, 8
185.0, 120.0, 8
196.0, 133.0, 8
189.0, 126.0, 8
182.0, 126.0, 8
186.0, 135.0, 8
190.0, 125.0, 8
188.0, 130.0, 8
183.0, 117.0, 8
190.0, 124.0, 8
180.0, 117.0, 8
178.0, 124.0, 8
189.0, 122.0, 8
183.0, 118.0, 8
177.0, 115.0, 8
186.0, 126.0, 8
172.0, 129.0, 8
179.0, 119.0, 8
182.0, 131.0, 8
190.0, 118.0, 8
186.0, 119.0, 8
173.0, 114.0, 8
175.0, 112.0, 8
187.0, 119.0, 8
186.0, 122.0, 8
177.0, 127.0, 8
174.0, 128.0, 8
183.0, 113.0, 8
180.0, 127.0, 8
171.0, 128.0, 8
184.0, 123.0, 8
169.0, 129.0, 8
182.0, 118.0, 8
176.0, 126.0, 8
178.0, 121.0, 8
173.0, 110.0, 8
165.0, 124.0, 8
179.0, 111.0, 8
170.0, 122.0, 8
176.0, 119.0, 8
166.0, 112.0, 8
173.0, 122.0, 8
168.0, 111.0, 8
168.0, 116.0, 8
179.0, 120.0, 8
177.0, 112.0, 8
174.0, 116.0, 8
169.0, 124.0, 8
162.0, 117.0, 8
173.0, 123.0, 8
172.0, 122.0, 8
172.0, 118.0, 8
164.0, 116.0, 8
176.0, 108.0, 8
160.0, 110.0, 8
172.0, 115.0, 8
160.0, 113.0, 8
170.0, 120.0, 8
165.0, 112.0, 8
163.0, 118.0, 8
168.0, 109.0, 8
168.0, 125.0, 8
168.0, 108.0, 8
171.0, 107.0, 8
163.0, 123.0, 8
159.0, 125.0, 8
161.0, 122.0, 8
153.0, 110.0, 8
156.0, 109.0, 8
155.0, 125.0, 8
155.0, 113.0, 8
154.0, 125.0, 8
167.0, 118.0, 8
152.0, 108.0, 8
158.0, 106.0, 8
165.0, 110.0, 8
165.0, 113.0, 8
159.0, 122.0, 8
157.0, 119.0, 8
151.0, 107.0, 8
148.0, 123.0, 8
147.0, 106.0, 8
149.0, 110.0, 8
148.0, 115.0, 8
158.0, 114.0, 8
151.0, 109.0, 8
153.0, 114.0, 8
153.0, 112.0, 8
152.0, 122.0, 8
145.0, 105.0, 8
144.0, 116.0, 8
159.0, 109.0, 8
156.0, 122.0, 8
158.0, 120.0, 8
142.0, 109.0, 8
157.0, 110.0, 8
150.0, 121.0, 8
150.0, 123.0, 8
147.0, 114.0, 8
153.0, 119.0, 8
143.0, 119.0, 8
147.0, 123.0, 8
154.0, 112.0, 8
138.0, 116.0, 8
148.0, 120.0, 8
140.0, 114.0, 8
149.0, 127.0, 8
146.0, 112.0, 8
142.0, 122.0, 8
133.0, 121.0, 8
140.0, 119.0, 8
136.0, 129.0, 8
137.0, 116.0, 8
133.0, 123.0, 8
145.0, 126.0, 8
150.0, 114.0, 8
138.0, 131.0, 8
151.0, 130.0, 8
128.0, 140.0, 8
147.0, 140.0, 8
129.0, 141.0, 8
135.0, 134.0, 8
132.0, 135.0, 8
144.0, 140.0, 8
133.0, 129.0, 8
138.0, 140.0, 8
144.0, 142.0, 8
139.0, 136.0, 8
140.0, 145.0, 8
143.0, 142.0, 8
128.0, 138.0, 8
147.0, 133.0, 8
142.0, 143.0, 8
138.0, 139.0, 8
144.0, 129.0, 8
133.0, 127.0, 8
138.0, 142.0, 8
129.0, 144.0, 8
146.0, 137.0, 8
148.0, 148.0, 8
142.0, 140.0, 8
133.0, 142.0, 8
142.0, 142.0, 8
141.0, 146.0, 8
132.0, 146.0, 8
140.0, 130.0, 8
138.0, 132.0, 8
138.0, 152.0, 8
140.0, 156.0, 2
149.0, 139.0, 8
156.0, 138.0, 8
148.0, 149.0, 8
144.0, 156.0, 8
156.0, 155.0, 8
143.0, 145.0, 8
153.0, 154.0, 8
153.0, 142.0, 8
153.0, 143.0, 8
155.0, 151.0, 8
151.0, 145.0, 8
161.0, 146.0, 8
162.0, 141.0, 8
155.0, 146.0, 8
154.0, 143.0, 8
162.0, 160.0, 8
153.0, 146.0, 8
153.0, 152.0, 8
156.0, 153.0, 8
167.0, 148.0, 8
151.0, 157.0, 8
170.0, 160.0, 8
170.0, 159.0, 8
166.0, 144.0, 8
160.0, 153.0, 8
164.0, 144.0, 8
170.0, 145.0, 8
170.0, 143.0, 8
175.0, 152.0, 8
166.0, 153.0, 8
158.0, 157.0, 8
165.0, 152.0, 8
159.0, 145.0, 8
168.0, 145.0, 8
171.0, 155.0, 8
164.0, 149.0, 8
171.0, 144.0, 8
166.0, 152.0, 8
180.0, 150.0, 8
176.0, 149.0, 8
181.0, 149.0, 8
168.0, 160.0, 8
174.0, 145.0, 8
169.0, 156.0, 8
168.0, 156.0, 8
175.0, 161.0, 8
189.0, 160.0, 8
180.0, 146.0, 8
171.0, 148.0, 8
181.0, 155.0, 8
178.0, 149.0, 8
189.0, 150.0, 8
188.0, 154.0, 8
181.0, 157.0, 8
178.0, 146.0, 8
177.0, 151.0, 8
186.0, 158.0, 8
182.0, 146.0, 8
183.0, 156.0, 8
183.0, 154.0, 8
179.0, 143.0, 8
183.0, 161.0, 8
186.0, 153.0, 8
184.0, 150.0, 8
194.0, 160.0, 8
178.0, 143.0, 8
181.0, 143.0, 8
189.0, 158.0, 8
180.0, 158.0, 8
188.0, 155.0, 8
191.0, 151.0, 8
190.0, 143.0, 8
192.0, 142.0, 8
196.0, 160.0, 8
194.0, 142.0, 8
191.0, 161.0, 8
182.0, 151.0, 8
182.0, 144.0, 8
189.0, 159.0, 8
194.0, 159.0, 8
196.0, 161.0, 8
180.0, 144.0, 8
194.0, 146.0, 8
192.0, 148.0, 8
187.0, 159.0, 8
189.0, 146.0, 8
179.0, 153.0, 8
186.0, 156.0, 8
186.0, 159.0, 8
184.0, 151.0, 8
184.0, 152.0, 8
187.0, 153.0, 8
185.0, 157.0, 8
186.0, 142.0, 8
179.0, 144.0, 8
385.0, 89.0, 1
394.0, 91.0, 1
399.0, 93.0, 1
385.0, 101.0, 1
386.0, 99.0, 1
385.0, 98.0, 1
387.0, 97.0, 1
383.0, 94.0, 1
385.0, 107.0, 1
401.0, 101.0, 1
395.0, 96.0, 1
393.0, 96.0, 1
404.0, 97.0, 1
388.0, 95.0, 1
402.0, 99.0, 1
388.0, 98.0, 1
406.0, 96.0, 1
399.0, 99.0, 1
393.0, 98.0, 1
398.0, 92.0, 1
391.0, 106.0, 1
396.0, 103.0, 1
402.0, 100.0, 1
401.0, 92.0, 1
406.0, 107.0, 1
395.0, 102.0, 1
388.0, 101.0, 1
393.0, 97.0, 1
400.0, 94.0, 1
414.0, 89.0, 1
398.0, 96.0, 1
405.0, 94.0, 1
414.0, 104.0, 1
399.0, 106.0, 1
397.0, 100.0, 1
414.0, 102.0, 1
405.0, 101.0, 1
408.0, 104.0, 1
410.0, 103.0, 1
412.0, 94.0, 1
411.0, 90.0, 1
418.0, 96.0, 1
411.0, 89.0, 1
413.0, 95.0, 1
404.0, 95.0, 1
416.0, 102.0, 1
413.0, 96.0, 1
426.0, 104.0, 1
411.0, 101.0, 1
418.0, 90.0, 1
422.0, 100.0, 1
420.0, 91.0, 1
411.0, 96.0, 1
422.0, 94.0, 1
418.0, 89.0, 1
436.0, 91.0, 5
429.0, 104.0, 1
430.0, 104.0, 1
440.0, 98.0, 5
440.0, 92.0, 5
434.0, 107.0, 1
422.0, 106.0, 1
423.0, 96.0, 1
448.0, 99.0, 5
444.0, 99.0, 5
446.0, 93.0, 5
449.0, 89.0, 5
449.0, 96.0, 5
443.0, 90.0, 5
450.0, 91.0, 5
449.0, 103.0, 5
444.0, 96.0, 5
436.0, 102.0, 5
444.0, 88.0, 5
460.0, 90.0, 9
456.0, 103.0, 5
443.0, 94.0, 5
447.0, 93.0, 5
453.0, 104.0, 5
445.0, 102.0, 5
457.0, 94.0, 5
472.0, 101.0, 9
464.0, 93.0, 9
462.0, 101.0, 9
455.0, 95.0, 5
461.0, 100.0, 9
458.0, 91.0, 9
462.0, 96.0, 9
453.0, 97.0, 5
404.0, 107.0, 1
420.0, 118.0, 1
415.0, 120.0, 1
420.0, 107.0, 1
420.0, 111.0, 1
412.0, 116.0, 1
405.0, 109.0, 1
405.0, 108.0, 1
416.0, 118.0, 1
417.0, 112.0, 1
419.0, 111.0, 1
419.0, 128.0, 1
422.0, 127.0, 1
420.0, 109.0, 1
413.0, 116.0, 1
418.0, 126.0, 1
424.0, 118.0, 1
411.0, 128.0, 1
418.0, 122.0, 1
416.0, 126.0, 1
431.0, 125.0, 1
414.0, 127.0, 1
429.0, 125.0, 1
414.0, 111.0, 1
421.0, 119.0, 1
431.0, 121.0, 1
414.0, 117.0, 1
428.0, 118.0, 1
423.0, 127.0, 1
431.0, 113.0, 1
429.0, 115.0, 1
435.0, 127.0, 1
434.0, 118.0, 1
438.0, 120.0, 1
433.0, 127.0, 1
420.0, 112.0, 1
433.0, 126.0, 1
422.0, 110.0, 1
432.0, 129.0, 1
434.0, 127.0, 1
442.0, 113.0, 9
442.0, 130.0, 1
444.0, 115.0, 9
433.0, 116.0, 1
438.0, 118.0, 1
437.0, 121.0, 1
430.0, 112.0, 1
441.0, 153.0, 1
441.0, 137.0, 1
443.0, 140.0, 1
447.0, 144.0, 1
441.0, 150.0, 1
441.0, 151.0, 1
444.0, 148.0, 1
443.0, 139.0, 1
444.0, 146.0, 1
456.0, 147.0, 10
447.0, 135.0, 1
447.0, 140.0, 1
440.0, 136.0, 1
437.0, 148.0, 1
448.0, 145.0, 1
448.0, 132.0, 1
439.0, 138.0, 1
437.0, 134.0, 1
455.0, 148.0, 10
449.0, 144.0, 1
445.0, 139.0, 1
442.0, 133.0, 1
450.0, 131.0, 1
441.0, 133.0, 1
447.0, 142.0, 1
451.0, 147.0, 1
455.0, 133.0, 10
449.0, 142.0, 1
477.0, 144.0, 10
470.0, 145.0, 10
478.0, 131.0, 10
461.0, 131.0, 10
463.0, 140.0, 10
478.0, 139.0, 10
476.0, 137.0, 10
470.0, 135.0, 10
468.0, 145.0, 10
467.0, 116.0, 9
463.0, 104.0, 9
463.0, 112.0, 9
464.0, 102.0, 9
479.0, 103.0, 9
460.0, 111.0, 9
469.0, 112.0, 9
474.0, 116.0, 9
460.0, 101.0, 9
476.0, 101.0, 9
461.0, 106.0, 9
471.0, 101.0, 9
470.0, 110.0, 9
473.0, 107.0, 9
465.0, 116.0, 9
473.0, 102.0, 9
476.0, 117.0, 9
465.0, 108.0, 9
459.0, 108.0, 9
463.0, 103.0, 9
460.0, 112.0, 9
473.0, 121.0, 9
465.0, 120.0, 9
464.0, 121.0, 9
472.0, 116.0, 9
465.0, 111.0, 9
467.0, 112.0, 9
477.0, 103.0, 9
458.0, 110.0, 9
472.0, 112.0, 9
458.0, 105.0, 9
465.0, 104.0, 9
466.0, 113.0, 9
462.0, 111.0, 9
462.0, 119.0, 9
471.0, 107.0, 9
469.0, 114.0, 9
471.0, 119.0, 9
453.0, 116.0, 9
457.0, 107.0, 9
466.0, 122.0, 9
463.0, 108.0, 9
455.0, 108.0, 9
457.0, 110.0, 9
459.0, 113.0, 9
456.0, 117.0, 9
468.0, 114.0, 9
464.0, 109.0, 9
463.0, 107.0, 9
455.0, 110.0, 9
456.0, 112.0, 9
451.0, 114.0, 9
463.0, 110.0, 9
466.0, 115.0, 9
446.0, 112.0, 9
453.0, 112.0, 9
445.0, 111.0, 9
457.0, 109.0, 9
464.0, 114.0, 9
452.0, 114.0, 9
448.0, 114.0, 9
451.0, 116.0, 9
451.0, 122.0, 9
464.0, 119.0, 9
326.0, 314.0, 11
342.0, 317.0, 11
338.0, 314.0, 11
337.0, 321.0, 11
340.0, 326.0, 11
342.0, 319.0, 11
340.0, 315.0, 11
331.0, 329.0, 11
329.0, 317.0, 11
334.0, 329.0, 11
336.0, 315.0, 11
330.0, 313.0, 11
325.0, 322.0, 11
327.0, 313.0, 11
328.0, 325.0, 11
331.0, 331.0, 11
341.0, 315.0, 11
342.0, 316.0, 11
327.0, 324.0, 11
329.0, 323.0, 11
333.0, 324.0, 11
321.0, 320.0, 11
329.0, 327.0, 11
331.0, 313.0, 11
327.0, 318.0, 11
337.0, 318.0, 11
336.0, 320.0, 11
317.0, 324.0, 11
333.0, 317.0, 11
327.0, 328.0, 11
332.0, 328.0, 11
331.0, 330.0, 11
326.0, 332.0, 11
333.0, 327.0, 11
336.0, 327.0, 11
317.0, 314.0, 11
329.0, 324.0, 11
330.0, 319.0, 11
316.0, 324.0, 11
323.0, 317.0, 11
326.0, 317.0, 11
331.0, 321.0, 11
330.0, 320.0, 11
324.0, 317.0, 11
331.0, 327.0, 11
320.0, 321.0, 11
323.0, 327.0, 11
326.0, 318.0, 11
311.0, 321.0, 11
316.0, 317.0, 11
316.0, 314.0, 11
310.0, 322.0, 11
312.0, 319.0, 11
318.0, 320.0, 11
320.0, 316.0, 11
314.0, 319.0, 11
321.0, 317.0, 11
324.0, 313.0, 11
310.0, 320.0, 11
319.0, 324.0, 11
320.0, 322.0, 11
314.0, 316.0, 11
317.0, 325.0, 11
310.0, 314.0, 11
321.0, 311.0, 11
303.0, 329.0, 11
308.0, 329.0, 11
319.0, 311.0, 11
303.0, 321.0, 11
310.0, 316.0, 11
309.0, 324.0, 11
312.0, 321.0, 11
318.0, 325.0, 11
319.0, 313.0, 11
316.0, 318.0, 11
302.0, 329.0, 11
305.0, 320.0, 11
315.0, 320.0, 11
318.0, 312.0, 11
314.0, 311.0, 11
314.0, 315.0, 11
304.0, 324.0, 11
319.0, 327.0, 11
316.0, 310.0, 11
309.0, 322.0, 11
305.0, 326.0, 11
310.0, 315.0, 11
302.0, 327.0, 11
321.0, 324.0, 11
321.0, 322.0, 11
317.0, 315.0, 11
305.0, 327.0, 11
317.0, 319.0, 11
321.0, 318.0, 11
319.0, 326.0, 11
312.0, 317.0, 11
322.0, 310.0, 11
311.0, 322.0, 11
318.0, 326.0, 11
320.0, 313.0, 11
325.0, 325.0, 11
318.0, 311.0, 11
326.0, 311.0, 11
318.0, 319.0, 11
316.0, 327.0, 11
316.0, 315.0, 11
317.0, 313.0, 11
332.0, 324.0, 11
322.0, 313.0, 11
316.0, 319.0, 11
331.0, 308.0, 11
315.0, 313.0, 11
323.0, 309.0, 11
329.0, 322.0, 11
321.0, 308.0, 11
328.0, 323.0, 11
322.0, 319.0, 11
316.0, 313.0, 11
332.0, 312.0, 11
317.0, 309.0, 11
330.0, 311.0, 11
324.0, 311.0, 11
317.0, 310.0, 11
319.0, 321.0, 11
333.0, 325.0, 11
321.0, 312.0, 11
327.0, 321.0, 11
335.0, 323.0, 11
324.0, 316.0, 11
329.0, 318.0, 11
334.0, 313.0, 11
330.0, 324.0, 11
331.0, 314.0, 11
334.0, 314.0, 11
327.0, 310.0, 11
340.0, 310.0, 11
339.0, 306.0, 11
340.0, 317.0, 11
338.0, 312.0, 11
330.0, 316.0, 11
337.0, 316.0, 11
338.0, 316.0, 11
339.0, 312.0, 11
338.0, 310.0, 11
334.0, 310.0, 11
322.0, 323.0, 11
336.0, 318.0, 11
334.0, 323.0, 11
323.0, 319.0, 11
339.0, 316.0, 11
327.0, 315.0, 11
336.0, 321.0, 11
334.0, 318.0, 11
335.0, 318.0, 11
324.0, 307.0, 11
329.0, 307.0, 11
341.0, 319.0, 11
327.0, 306.0, 11
328.0, 306.0, 11
328.0, 307.0, 11
328.0, 324.0, 11
327.0, 316.0, 11
338.0, 325.0, 11
325.0, 307.0, 11
326.0, 308.0, 11
336.0, 306.0, 11
330.0, 314.0, 11
337.0, 311.0, 11
335.0, 319.0, 11
341.0, 309.0, 11
323.0, 324.0, 11
331.0, 324.0, 11
328.0, 318.0, 11
328.0, 322.0, 11
326.0, 321.0, 11
337.0, 309.0, 11
334.0, 312.0, 11
323.0, 308.0, 11
338.0, 323.0, 11
323.0, 315.0, 11
326.0, 319.0, 11
338.0, 308.0, 11
331.0, 325.0, 11
321.0, 306.0, 11
334.0, 311.0, 11
325.0, 323.0, 11
334.0, 308.0, 11
337.0, 306.0, 11
325.0, 311.0, 11
338.0, 315.0, 11
335.0, 320.0, 11
336.0, 322.0, 11
334.0, 317.0, 11
336.0, 313.0, 11
329.0, 306.0, 11
335.0, 311.0, 11
322.0, 311.0, 11
323.0, 307.0, 11
330.0, 308.0, 11
331.0, 323.0, 11
329.0, 309.0, 11
335.0, 324.0, 11
318.0, 315.0, 11
321.0, 316.0, 11
320.0, 306.0, 11
322.0, 318.0, 11
335.0, 306.0, 11
319.0, 315.0, 11
429.0, 279.0, 3
437.0, 291.0, 3
430.0, 278.0, 3
437.0, 290.0, 3
436.0, 278.0, 3
427.0, 280.0, 3
426.0, 276.0, 3
424.0, 282.0, 3
429.0, 275.0, 3
425.0, 278.0, 3
422.0, 280.0, 3
426.0, 279.0, 3
430.0, 285.0, 3
421.0, 277.0, 3
425.0, 275.0, 3
425.0, 284.0, 3
437.0, 289.0, 3
438.0, 279.0, 3
431.0, 279.0, 3
439.0, 278.0, 3
431.0, 275.0, 3
435.0, 288.0, 3
433.0, 287.0, 3
435.0, 283.0, 3
437.0, 276.0, 3
434.0, 288.0, 3
426.0, 273.0, 3
433.0, 279.0, 3
431.0, 281.0, 3
438.0, 285.0, 3
441.0, 278.0, 3
432.0, 286.0, 3
437.0, 279.0, 3
432.0, 288.0, 3
428.0, 285.0, 3
430.0, 275.0, 3
428.0, 273.0, 3
429.0, 283.0, 3
432.0, 290.0, 3
432.0, 284.0, 3
441.0, 271.0, 3
430.0, 280.0, 3
439.0, 281.0, 3
444.0, 282.0, 3
436.0, 284.0, 3
427.0, 279.0, 3
438.0, 289.0, 3
429.0, 274.0, 3
442.0, 285.0, 3
446.0, 275.0, 4
436.0, 288.0, 3
438.0, 272.0, 3
443.0, 270.0, 4
436.0, 289.0, 3
429.0, 271.0, 3
447.0, 272.0, 4
442.0, 280.0, 3
446.0, 282.0, 3
445.0, 276.0, 4
436.0, 286.0, 3
444.0, 274.0, 4
436.0, 275.0, 3
447.0, 270.0, 4
431.0, 287.0, 3
432.0, 275.0, 3
430.0, 287.0, 3
445.0, 278.0, 3
437.0, 288.0, 3
434.0, 271.0, 3
433.0, 275.0, 3
434.0, 273.0, 3
446.0, 273.0, 4
445.0, 283.0, 3
442.0, 286.0, 3
442.0, 281.0, 3
436.0, 281.0, 3
447.0, 274.0, 4
435.0, 284.0, 3
429.0, 287.0, 3
428.0, 284.0, 3
430.0, 276.0, 3
439.0, 276.0, 3
444.0, 277.0, 3
427.0, 283.0, 3
441.0, 276.0, 3
440.0, 275.0, 3
431.0, 283.0, 3
445.0, 270.0, 4
443.0, 287.0, 3
426.0, 281.0, 3
436.0, 276.0, 3
439.0, 287.0, 3
438.0, 286.0, 3
427.0, 288.0, 3
441.0, 280.0, 3
431.0, 280.0, 3
425.0, 270.0, 3
430.0, 279.0, 3
429.0, 286.0, 3
435.0, 285.0, 3
427.0, 281.0, 3
438.0, 278.0, 3
436.0, 274.0, 3
438.0, 273.0, 3
440.0, 276.0, 3
443.0, 282.0, 3
432.0, 277.0, 3
436.0, 272.0, 3
438.0, 288.0, 3
436.0, 271.0, 3
433.0, 281.0, 3
439.0, 285.0, 3
439.0, 275.0, 3
434.0, 279.0, 3
437.0, 271.0, 3
435.0, 271.0, 3
438.0, 281.0, 3
434.0, 274.0, 3
422.0, 273.0, 3
423.0, 272.0, 3
430.0, 272.0, 3
436.0, 287.0, 3
424.0, 278.0, 3
430.0, 273.0, 3
429.0, 284.0, 3
425.0, 276.0, 3
432.0, 280.0, 3
430.0, 290.0, 3
438.0, 271.0, 3
425.0, 271.0, 3
434.0, 281.0, 3
426.0, 278.0, 3
434.0, 272.0, 3
424.0, 274.0, 3
430.0, 281.0, 3
440.0, 274.0, 3
437.0, 273.0, 3
423.0, 276.0, 3
436.0, 290.0, 3
422.0, 277.0, 3
435.0, 279.0, 3
440.0, 273.0, 3
424.0, 279.0, 3
434.0, 289.0, 3
435.0, 281.0, 3
442.0, 279.0, 3
432.0, 273.0, 3
425.0, 287.0, 3
425.0, 282.0, 3
435.0, 275.0, 3
437.0, 285.0, 3
428.0, 277.0, 3
434.0, 270.0, 3
438.0, 277.0, 3
439.0, 279.0, 3
435.0, 280.0, 3
427.0, 273.0, 3
440.0, 280.0, 3
441.0, 285.0, 3
440.0, 281.0, 3
431.0, 284.0, 3
443.0, 277.0, 3
440.0, 278.0, 3
444.0, 273.0, 4
430.0, 286.0, 3
426.0, 287.0, 3
439.0, 271.0, 3
434.0, 277.0, 3
430.0, 283.0, 3
434.0, 286.0, 3
432.0, 272.0, 3
437.0, 270.0, 3
440.0, 271.0, 3
438.0, 274.0, 3
433.0, 273.0, 3
437.0, 282.0, 3
386.0, 298.0, 12
386.0, 288.0, 12
381.0, 298.0, 12
379.0, 294.0, 12
380.0, 301.0, 12
392.0, 297.0, 12
391.0, 283.0, 12
378.0, 297.0, 12
380.0, 300.0, 12
397.0, 290.0, 12
380.0, 291.0, 12
385.0, 301.0, 12
381.0, 285.0, 12
380.0, 298.0, 12
396.0, 285.0, 12
387.0, 296.0, 12
388.0, 296.0, 12
396.0, 297.0, 12
382.0, 292.0, 12
387.0, 294.0, 12
395.0, 291.0, 12
391.0, 298.0, 12
380.0, 285.0, 12
394.0, 291.0, 12
384.0, 296.0, 12
381.0, 300.0, 12
386.0, 287.0, 12
388.0, 289.0, 12
400.0, 294.0, 12
394.0, 290.0, 12
391.0, 289.0, 12
390.0, 287.0, 12
385.0, 289.0, 12
386.0, 300.0, 12
389.0, 301.0, 12
395.0, 301.0, 12
386.0, 292.0, 12
381.0, 293.0, 12
384.0, 302.0, 12
397.0, 300.0, 12
382.0, 291.0, 12
397.0, 292.0, 12
400.0, 293.0, 12
382.0, 300.0, 12
399.0, 305.0, 12
386.0, 301.0, 12
389.0, 292.0, 12
391.0, 306.0, 12
400.0, 289.0, 12
401.0, 295.0, 12
392.0, 293.0, 12
388.0, 303.0, 12
395.0, 290.0, 12
384.0, 298.0, 12
396.0, 292.0, 12
388.0, 302.0, 12
390.0, 301.0, 12
387.0, 303.0, 12
394.0, 300.0, 12
401.0, 292.0, 12
404.0, 295.0, 12
387.0, 292.0, 12
392.0, 295.0, 12
400.0, 304.0, 12
405.0, 308.0, 12
407.0, 302.0, 12
399.0, 309.0, 12
395.0, 300.0, 12
403.0, 302.0, 12
390.0, 298.0, 12
399.0, 298.0, 12
399.0, 299.0, 12
408.0, 301.0, 12
410.0, 303.0, 12
403.0, 316.0, 12
408.0, 311.0, 12
411.0, 314.0, 12
405.0, 305.0, 12
411.0, 307.0, 12
396.0, 304.0, 12
398.0, 307.0, 12
408.0, 310.0, 12
407.0, 303.0, 12
413.0, 308.0, 12
406.0, 307.0, 12
410.0, 323.0, 12
400.0, 317.0, 12
396.0, 313.0, 12
401.0, 304.0, 12
413.0, 316.0, 12
397.0, 304.0, 12
407.0, 316.0, 12
403.0, 311.0, 12
410.0, 321.0, 12
402.0, 324.0, 12
407.0, 318.0, 12
401.0, 309.0, 12
406.0, 315.0, 12
404.0, 319.0, 12
418.0, 326.0, 12
411.0, 326.0, 12
406.0, 316.0, 12
423.0, 328.0, 12
416.0, 313.0, 12
411.0, 320.0, 12
405.0, 327.0, 12
415.0, 326.0, 12
424.0, 313.0, 12
412.0, 323.0, 12
424.0, 323.0, 12
429.0, 328.0, 12
418.0, 329.0, 12
426.0, 317.0, 12
419.0, 323.0, 12
422.0, 323.0, 12
417.0, 316.0, 12
413.0, 329.0, 12
417.0, 317.0, 12
415.0, 327.0, 12
426.0, 334.0, 12
426.0, 329.0, 12
429.0, 324.0, 12
432.0, 332.0, 12
429.0, 338.0, 12
425.0, 339.0, 12
423.0, 336.0, 12
426.0, 336.0, 12
435.0, 339.0, 12
437.0, 335.0, 12
433.0, 331.0, 12
442.0, 340.0, 13
435.0, 343.0, 13
446.0, 344.0, 13
434.0, 334.0, 12
432.0, 335.0, 12
441.0, 346.0, 13
444.0, 335.0, 13
443.0, 339.0, 13
442.0, 342.0, 13
453.0, 345.0, 11
444.0, 340.0, 13
446.0, 348.0, 13
451.0, 346.0, 11
446.0, 345.0, 13
460.0, 340.0, 11
445.0, 341.0, 13
460.0, 351.0, 14
456.0, 345.0, 11
443.0, 345.0, 13
454.0, 340.0, 11
453.0, 340.0, 11
469.0, 344.0, 14
466.0, 355.0, 14
456.0, 338.0, 11
464.0, 349.0, 14
463.0, 344.0, 14
468.0, 337.0, 11
465.0, 343.0, 14
467.0, 353.0, 14
464.0, 336.0, 11
467.0, 347.0, 14
470.0, 349.0, 14
459.0, 354.0, 14
474.0, 357.0, 14
469.0, 351.0, 14
459.0, 353.0, 14
457.0, 352.0, 14
468.0, 339.0, 11
473.0, 343.0, 14
457.0, 341.0, 11
462.0, 341.0, 11
493.0, 360.0, 15
492.0, 366.0, 15
491.0, 360.0, 15
496.0, 351.0, 15
494.0, 368.0, 15
493.0, 353.0, 15
489.0, 362.0, 15
497.0, 365.0, 15
488.0, 369.0, 15
506.0, 370.0, 15
498.0, 358.0, 15
498.0, 372.0, 15
490.0, 371.0, 15
496.0, 359.0, 15
501.0, 366.0, 15
499.0, 357.0, 15
502.0, 359.0, 15
500.0, 363.0, 15
498.0, 374.0, 15
507.0, 367.0, 15
505.0, 374.0, 15
510.0, 373.0, 15
499.0, 373.0, 15
494.0, 372.0, 15
501.0, 374.0, 15
506.0, 376.0, 15
518.0, 373.0, 15
504.0, 375.0, 15
502.0, 376.0, 15
514.0, 378.0, 15
512.0, 362.0, 15
508.0, 373.0, 15
511.0, 365.0, 15
520.0, 371.0, 15
521.0, 374.0, 15
399.0, 306.0, 12
413.0, 302.0, 12
401.0, 305.0, 12
411.0, 306.0, 12
400.0, 292.0, 12
405.0, 304.0, 12
416.0, 304.0, 12
412.0, 298.0, 12
401.0, 308.0, 12
407.0, 310.0, 12
402.0, 311.0, 12
402.0, 297.0, 12
413.0, 311.0, 12
411.0, 299.0, 12
403.0, 301.0, 12
416.0, 301.0, 12
416.0, 299.0, 12
399.0, 312.0, 12
414.0, 301.0, 12
418.0, 305.0, 12
403.0, 297.0, 12
403.0, 298.0, 12
405.0, 302.0, 12
402.0, 305.0, 12
418.0, 303.0, 12
402.0, 308.0, 12
412.0, 297.0, 12
406.0, 300.0, 12
404.0, 302.0, 12
402.0, 304.0, 12
413.0, 310.0, 12
404.0, 303.0, 12
411.0, 319.0, 12
407.0, 308.0, 12
413.0, 319.0, 12
401.0, 314.0, 12
413.0, 306.0, 12
410.0, 324.0, 12
407.0, 324.0, 12
404.0, 325.0, 12
420.0, 319.0, 12
412.0, 320.0, 12
417.0, 311.0, 12
421.0, 314.0, 12
419.0, 319.0, 12
403.0, 326.0, 12
404.0, 317.0, 12
423.0, 324.0, 12
407.0, 322.0, 12
409.0, 325.0, 12
421.0, 318.0, 12
415.0, 332.0, 12
421.0, 327.0, 12
422.0, 316.0, 12
416.0, 343.0, 3
422.0, 346.0, 3
424.0, 344.0, 3
421.0, 333.0, 12
415.0, 350.0, 3
420.0, 351.0, 3
407.0, 351.0, 3
421.0, 350.0, 3
411.0, 346.0, 3
423.0, 345.0, 3
411.0, 356.0, 3
410.0, 352.0, 3
415.0, 352.0, 3
412.0, 344.0, 3
420.0, 348.0, 3
420.0, 359.0, 3
412.0, 366.0, 3
425.0, 354.0, 3
427.0, 358.0, 3
426.0, 348.0, 3
428.0, 364.0, 3
419.0, 360.0, 3
423.0, 354.0, 3
428.0, 360.0, 3
418.0, 353.0, 3
427.0, 365.0, 3
426.0, 369.0, 3
429.0, 358.0, 3
424.0, 367.0, 3
414.0, 371.0, 3
423.0, 353.0, 3
418.0, 371.0, 3
412.0, 356.0, 3
424.0, 368.0, 3
413.0, 359.0, 3
412.0, 377.0, 3
419.0, 369.0, 3
421.0, 375.0, 3
419.0, 377.0, 3
412.0, 371.0, 3
410.0, 361.0, 3
426.0, 361.0, 3
427.0, 370.0, 3
421.0, 366.0, 3
425.0, 365.0, 3
424.0, 373.0, 3
427.0, 373.0, 3
415.0, 379.0, 3
429.0, 380.0, 16
417.0, 382.0, 3
411.0, 370.0, 3
415.0, 370.0, 3
422.0, 378.0, 3
417.0, 378.0, 3
420.0, 382.0, 3
409.0, 383.0, 3
413.0, 372.0, 3
419.0, 378.0, 3
412.0, 382.0, 3
416.0, 371.0, 3
416.0, 379.0, 3
408.0, 374.0, 3
412.0, 381.0, 3
421.0, 373.0, 3
418.0, 372.0, 3
407.0, 385.0, 17
422.0, 382.0, 3
413.0, 387.0, 3
426.0, 376.0, 3
420.0, 387.0, 3
423.0, 380.0, 3
418.0, 386.0, 3
422.0, 381.0, 3
411.0, 374.0, 3
422.0, 379.0, 3
422.0, 384.0, 3
423.0, 376.0, 3
410.0, 379.0, 3
422.0, 376.0, 3
407.0, 371.0, 3
404.0, 374.0, 3
421.0, 386.0, 3
414.0, 379.0, 3
404.0, 390.0, 17
418.0, 378.0, 3
405.0, 380.0, 3
420.0, 386.0, 3
414.0, 374.0, 3
419.0, 389.0, 3
402.0, 381.0, 3
404.0, 375.0, 3
409.0, 384.0, 3
411.0, 376.0, 3
408.0, 377.0, 3
415.0, 387.0, 3
401.0, 373.0, 3
406.0, 389.0, 17
406.0, 385.0, 17
415.0, 382.0, 3
396.0, 389.0, 17
410.0, 376.0, 3
415.0, 381.0, 3
399.0, 386.0, 17
403.0, 376.0, 3
399.0, 392.0, 17
401.0, 376.0, 3
410.0, 391.0, 17
398.0, 375.0, 3
408.0, 391.0, 17
399.0, 377.0, 3
394.0, 390.0, 17
403.0, 385.0, 17
408.0, 378.0, 3
400.0, 386.0, 17
408.0, 373.0, 3
405.0, 389.0, 17
400.0, 376.0, 3
393.0, 382.0, 3
397.0, 375.0, 3
402.0, 374.0, 3
393.0, 377.0, 3
409.0, 373.0, 3
408.0, 379.0, 3
393.0, 379.0, 3
395.0, 386.0, 17
391.0, 373.0, 3
404.0, 392.0, 17
400.0, 377.0, 3
405.0, 376.0, 3
387.0, 380.0, 18
404.0, 379.0, 3
395.0, 383.0, 17
396.0, 380.0, 3
383.0, 380.0, 18
393.0, 371.0, 3
382.0, 381.0, 18
397.0, 389.0, 17
391.0, 386.0, 17
398.0, 388.0, 17
398.0, 372.0, 3
384.0, 383.0, 18
399.0, 385.0, 17
383.0, 377.0, 18
382.0, 377.0, 18
392.0, 384.0, 17
393.0, 372.0, 3
389.0, 375.0, 18
385.0, 374.0, 18
378.0, 376.0, 18
375.0, 378.0, 18
385.0, 378.0, 18
380.0, 381.0, 18
382.0, 376.0, 18
366.0, 380.0, 18
370.0, 375.0, 18
370.0, 383.0, 18
378.0, 374.0, 18
376.0, 374.0, 18
369.0, 376.0, 18
384.0, 368.0, 3
373.0, 375.0, 18
372.0, 370.0, 18
372.0, 371.0, 18
369.0, 375.0, 18
365.0, 381.0, 18
369.0, 374.0, 18
366.0, 375.0, 18
375.0, 374.0, 18
368.0, 381.0, 18
359.0, 369.0, 18
361.0, 378.0, 18
352.0, 372.0, 18
353.0, 381.0, 18
366.0, 366.0, 18
367.0, 367.0, 18
367.0, 372.0, 18
351.0, 375.0, 18
352.0, 382.0, 18
362.0, 364.0, 18
364.0, 366.0, 18
344.0, 366.0, 18
357.0, 380.0, 18
359.0, 374.0, 18
354.0, 377.0, 18
351.0, 379.0, 18
347.0, 364.0, 18
349.0, 369.0, 18
351.0, 381.0, 18
344.0, 363.0, 18
351.0, 380.0, 18
341.0, 374.0, 18
349.0, 375.0, 18
356.0, 370.0, 18
354.0, 373.0, 18
349.0, 378.0, 18
343.0, 370.0, 18
347.0, 369.0, 18
341.0, 363.0, 18
348.0, 366.0, 18
335.0, 365.0, 18
335.0, 364.0, 18
339.0, 370.0, 18
333.0, 375.0, 18
335.0, 373.0, 18
350.0, 369.0, 18
348.0, 363.0, 18
333.0, 374.0, 18
341.0, 373.0, 18
339.0, 367.0, 18
346.0, 375.0, 18
342.0, 366.0, 18
342.0, 376.0, 18
332.0, 366.0, 18
333.0, 363.0, 18
332.0, 371.0, 18
338.0, 370.0, 18
339.0, 362.0, 18
337.0, 376.0, 18
330.0, 380.0, 18
334.0, 380.0, 18
331.0, 371.0, 18
337.0, 371.0, 18
331.0, 379.0, 18
337.0, 373.0, 18
332.0, 376.0, 18
345.0, 365.0, 18
342.0, 374.0, 18
328.0, 364.0, 18
337.0, 375.0, 18
325.0, 381.0, 18
333.0, 376.0, 18
324.0, 377.0, 18
322.0, 369.0, 18
328.0, 378.0, 18
334.0, 365.0, 18
329.0, 380.0, 18
331.0, 378.0, 18
330.0, 365.0, 18
325.0, 376.0, 18
338.0, 376.0, 18
328.0, 376.0, 18
339.0, 368.0, 18
336.0, 378.0, 18
335.0, 379.0, 18
337.0, 380.0, 18
337.0, 379.0, 18
337.0, 382.0, 18
331.0, 383.0, 18
327.0, 370.0, 18
334.0, 372.0, 18
327.0, 380.0, 18
329.0, 367.0, 18
334.0, 374.0, 18
330.0, 370.0, 18
326.0, 370.0, 18
330.0, 378.0, 18
340.0, 373.0, 18
325.0, 367.0, 18
342.0, 367.0, 18
326.0, 378.0, 18
331.0, 376.0, 18
331.0, 380.0, 18
334.0, 376.0, 18
341.0, 377.0, 18
335.0, 375.0, 18
327.0, 384.0, 18
326.0, 369.0, 18
333.0, 368.0, 18
332.0, 374.0, 18
337.0, 366.0, 18
345.0, 372.0, 18
330.0, 366.0, 18
340.0, 368.0, 18
333.0, 377.0, 18
344.0, 376.0, 18
346.0, 377.0, 18
339.0, 374.0, 18
335.0, 374.0, 18
348.0, 379.0, 18
350.0, 373.0, 18
342.0, 382.0, 18
348.0, 380.0, 18
335.0, 381.0, 18
343.0, 376.0, 18
353.0, 384.0, 18
346.0, 381.0, 18
342.0, 384.0, 18
356.0, 375.0, 18
350.0, 371.0, 18
347.0, 375.0, 18
345.0, 366.0, 18
351.0, 368.0, 18
354.0, 369.0, 18
358.0, 374.0, 18
347.0, 371.0, 18
357.0, 369.0, 18
355.0, 384.0, 18
351.0, 383.0, 18
346.0, 366.0, 18
353.0, 367.0, 18
351.0, 373.0, 18
349.0, 379.0, 18
355.0, 366.0, 18
358.0, 365.0, 18
358.0, 376.0, 18
364.0, 371.0, 18
358.0, 383.0, 18
361.0, 373.0, 18
359.0, 379.0, 18
359.0, 372.0, 18
366.0, 371.0, 18
356.0, 383.0, 18
360.0, 381.0, 18
367.0, 368.0, 18
352.0, 365.0, 18
365.0, 377.0, 18
353.0, 378.0, 18
359.0, 380.0, 18
357.0, 379.0, 18
377.0, 379.0, 18
371.0, 376.0, 18
376.0, 381.0, 18
366.0, 378.0, 18
366.0, 382.0, 18
369.0, 366.0, 18
360.0, 375.0, 18
361.0, 382.0, 18
371.0, 377.0, 18
367.0, 364.0, 18
384.0, 382.0, 18
374.0, 375.0, 18
383.0, 373.0, 18
370.0, 379.0, 18
373.0, 376.0, 18
373.0, 380.0, 18
368.0, 376.0, 18
367.0, 380.0, 18
385.0, 377.0, 18
378.0, 365.0, 18
380.0, 362.0, 3
384.0, 375.0, 18
387.0, 369.0, 3
376.0, 367.0, 18
383.0, 372.0, 18
390.0, 375.0, 18
386.0, 373.0, 18
393.0, 378.0, 3
396.0, 377.0, 3
393.0, 374.0, 3
379.0, 376.0, 18
386.0, 365.0, 3
388.0, 378.0, 18
385.0, 363.0, 3
388.0, 363.0, 3
392.0, 369.0, 3
399.0, 378.0, 3
392.0, 377.0, 3
400.0, 368.0, 3
394.0, 372.0, 3
397.0, 365.0, 3
390.0, 366.0, 3
402.0, 361.0, 3
404.0, 360.0, 3
395.0, 357.0, 3
399.0, 356.0, 3
402.0, 373.0, 3
400.0, 359.0, 3
400.0, 356.0, 3
395.0, 375.0, 3
401.0, 361.0, 3
403.0, 373.0, 3
393.0, 368.0, 3
403.0, 368.0, 3
412.0, 370.0, 3
406.0, 359.0, 3
418.0, 370.0, 3
405.0, 358.0, 3
400.0, 360.0, 3
411.0, 369.0, 3
418.0, 356.0, 3
415.0, 360.0, 3
421.0, 349.0, 3
414.0, 355.0, 3
407.0, 357.0, 3
417.0, 356.0, 3
409.0, 357.0, 3
423.0, 365.0, 3
415.0, 355.0, 3
420.0, 353.0, 3
413.0, 345.0, 3
412.0, 349.0, 3
430.0, 361.0, 3
426.0, 357.0, 3
423.0, 363.0, 3
426.0, 347.0, 3
429.0, 356.0, 3
414.0, 348.0, 3
415.0, 356.0, 3
429.0, 337.0, 12
426.0, 332.0, 12
437.0, 338.0, 12
440.0, 340.0, 13
424.0, 333.0, 12
430.0, 336.0, 12
425.0, 343.0, 3
430.0, 348.0, 3
432.0, 341.0, 12
427.0, 339.0, 12
466.0, 307.0, 11
456.0, 308.0, 11
469.0, 320.0, 11
458.0, 316.0, 11
460.0, 307.0, 11
453.0, 306.0, 11
468.0, 321.0, 11
456.0, 316.0, 11
468.0, 300.0, 11
460.0, 309.0, 11
464.0, 310.0, 11
463.0, 301.0, 11
465.0, 315.0, 11
473.0, 312.0, 11
457.0, 309.0, 11
464.0, 309.0, 11
469.0, 312.0, 11
473.0, 319.0, 11
464.0, 299.0, 11
473.0, 305.0, 11
475.0, 312.0, 11
468.0, 310.0, 11
476.0, 308.0, 11
478.0, 304.0, 11
470.0, 318.0, 11
467.0, 305.0, 11
468.0, 302.0, 11
460.0, 310.0, 11
472.0, 306.0, 11
482.0, 310.0, 11
473.0, 316.0, 11
469.0, 311.0, 11
480.0, 308.0, 11
464.0, 307.0, 11
465.0, 309.0, 11
473.0, 299.0, 11
468.0, 309.0, 11
472.0, 314.0, 11
482.0, 308.0, 11
466.0, 303.0, 11
481.0, 312.0, 11
476.0, 312.0, 11
478.0, 315.0, 11
478.0, 297.0, 11
476.0, 304.0, 11
480.0, 302.0, 11
480.0, 303.0, 11
485.0, 298.0, 11
479.0, 316.0, 11
485.0, 307.0, 11
478.0, 305.0, 11
474.0, 301.0, 11
479.0, 300.0, 11
480.0, 312.0, 11
473.0, 307.0, 11
472.0, 302.0, 11
469.0, 313.0, 11
482.0, 298.0, 11
471.0, 310.0, 11
472.0, 298.0, 11
468.0, 305.0, 11
488.0, 315.0, 11
488.0, 320.0, 11
488.0, 324.0, 11
490.0, 312.0, 11
482.0, 319.0, 11
481.0, 319.0, 11
476.0, 313.0, 11
478.0, 309.0, 11
473.0, 317.0, 11
488.0, 321.0, 11
483.0, 328.0, 11
485.0, 329.0, 11
477.0, 313.0, 11
492.0, 322.0, 11
473.0, 328.0, 11
491.0, 311.0, 11
484.0, 322.0, 11
484.0, 320.0, 11
473.0, 329.0, 11
491.0, 321.0, 11
485.0, 339.0, 19
479.0, 332.0, 11
480.0, 326.0, 11
475.0, 333.0, 11
469.0, 332.0, 11
484.0, 330.0, 11
470.0, 320.0, 11
478.0, 329.0, 11
474.0, 324.0, 11
484.0, 339.0, 19
482.0, 327.0, 11
470.0, 330.0, 11
482.0, 331.0, 11
475.0, 339.0, 14
470.0, 326.0, 11
482.0, 344.0, 19
485.0, 338.0, 19
473.0, 339.0, 14
469.0, 330.0, 11
478.0, 326.0, 11
475.0, 348.0, 14
464.0, 346.0, 14
478.0, 348.0, 14
473.0, 346.0, 14
470.0, 348.0, 14
477.0, 339.0, 14
469.0, 333.0, 11
468.0, 340.0, 14
466.0, 336.0, 11
476.0, 343.0, 14
463.0, 338.0, 11
466.0, 342.0, 14
473.0, 334.0, 11
477.0, 347.0, 14
467.0, 350.0, 14
470.0, 336.0, 11
473.0, 351.0, 14
468.0, 352.0, 14
467.0, 343.0, 14
478.0, 347.0, 14
465.0, 353.0, 14
474.0, 348.0, 14
459.0, 356.0, 14
477.0, 340.0, 14
465.0, 356.0, 14
459.0, 339.0, 11
468.0, 341.0, 14
464.0, 350.0, 14
471.0, 343.0, 14
471.0, 345.0, 14
473.0, 342.0, 14
475.0, 347.0, 14
459.0, 351.0, 14
459.0, 345.0, 11
469.0, 357.0, 14
458.0, 351.0, 14
456.0, 342.0, 11
471.0, 352.0, 14
456.0, 356.0, 14
468.0, 359.0, 14
469.0, 359.0, 14
459.0, 350.0, 14
455.0, 363.0, 14
455.0, 358.0, 14
461.0, 347.0, 14
452.0, 348.0, 11
459.0, 359.0, 14
449.0, 366.0, 14
467.0, 359.0, 14
454.0, 368.0, 14
460.0, 359.0, 14
464.0, 367.0, 14
455.0, 356.0, 14
451.0, 352.0, 14
460.0, 357.0, 14
467.0, 361.0, 14
457.0, 355.0, 14
463.0, 370.0, 14
451.0, 355.0, 14
458.0, 357.0, 14
461.0, 366.0, 14
464.0, 356.0, 14
459.0, 363.0, 14
454.0, 355.0, 14
446.0, 369.0, 14
463.0, 360.0, 14
455.0, 370.0, 14
441.0, 357.0, 3
443.0, 363.0, 3
460.0, 358.0, 14
452.0, 369.0, 14
455.0, 364.0, 14
444.0, 368.0, 14
452.0, 372.0, 14
446.0, 367.0, 14
442.0, 363.0, 3
448.0, 367.0, 14
451.0, 376.0, 14
439.0, 371.0, 3
454.0, 371.0, 14
446.0, 363.0, 3
451.0, 368.0, 14
452.0, 362.0, 14
451.0, 372.0, 14
444.0, 374.0, 16
445.0, 376.0, 16
443.0, 366.0, 3
441.0, 373.0, 16
437.0, 363.0, 3
440.0, 361.0, 3
443.0, 374.0, 16
451.0, 359.0, 14
452.0, 371.0, 14
439.0, 366.0, 3
448.0, 366.0, 14
443.0, 361.0, 3
445.0, 379.0, 16
447.0, 365.0, 14
437.0, 367.0, 3
437.0, 377.0, 16
443.0, 380.0, 16
430.0, 370.0, 3
442.0, 377.0, 16
432.0, 378.0, 16
444.0, 381.0, 16
434.0, 369.0, 3
437.0, 380.0, 16
429.0, 369.0, 3
431.0, 380.0, 16
443.0, 375.0, 16
425.0, 372.0, 3
428.0, 380.0, 16
432.0, 366.0, 3
441.0, 377.0, 16
423.0, 371.0, 3
423.0, 364.0, 3
423.0, 374.0, 3
427.0, 378.0, 16
438.0, 379.0, 16
437.0, 376.0, 16
425.0, 370.0, 3
433.0, 371.0, 3
439.0, 382.0, 16
440.0, 374.0, 16
417.0, 372.0, 3
420.0, 383.0, 3
420.0, 374.0, 3
425.0, 378.0, 3
434.0, 365.0, 3
418.0, 375.0, 3
417.0, 380.0, 3
434.0, 366.0, 3
430.0, 376.0, 16
419.0, 371.0, 3
402.0, 372.0, 3
414.0, 366.0, 3
420.0, 378.0, 3
416.0, 384.0, 3
401.0, 370.0, 3
418.0, 373.0, 3
416.0, 367.0, 3
406.0, 374.0, 3
409.0, 365.0, 3
413.0, 379.0, 3
401.0, 378.0, 3
412.0, 383.0, 3
411.0, 367.0, 3
407.0, 376.0, 3
400.0, 365.0, 3
415.0, 368.0, 3
402.0, 370.0, 3
404.0, 377.0, 3
394.0, 377.0, 3
394.0, 376.0, 3
400.0, 373.0, 3
394.0, 374.0, 3
408.0, 368.0, 3
402.0, 367.0, 3
408.0, 367.0, 3
387.0, 370.0, 3
397.0, 378.0, 3
391.0, 369.0, 3
401.0, 365.0, 3
391.0, 366.0, 3
399.0, 371.0, 3
396.0, 365.0, 3
376.0, 371.0, 18
383.0, 363.0, 3
378.0, 378.0, 18
378.0, 375.0, 18
394.0, 379.0, 3
389.0, 366.0, 3
390.0, 368.0, 3
387.0, 368.0, 3
392.0, 372.0, 3
384.0, 379.0, 18
388.0, 366.0, 3
371.0, 365.0, 18
377.0, 362.0, 18
371.0, 368.0, 18
372.0, 375.0, 18
379.0, 370.0, 18
377.0, 370.0, 18
387.0, 371.0, 3
369.0, 362.0, 18
375.0, 365.0, 18
374.0, 366.0, 18
382.0, 375.0, 18
376.0, 368.0, 18
366.0, 379.0, 18
381.0, 378.0, 18
381.0, 362.0, 3
372.0, 367.0, 18
378.0, 366.0, 18
372.0, 368.0, 18
357.0, 359.0, 18
367.0, 373.0, 18
363.0, 369.0, 18
369.0, 363.0, 18
357.0, 368.0, 18
364.0, 365.0, 18
371.0, 375.0, 18
361.0, 372.0, 18
373.0, 378.0, 18
350.0, 376.0, 18
360.0, 361.0, 18
351.0, 362.0, 18
362.0, 371.0, 18
359.0, 360.0, 18
364.0, 361.0, 18
349.0, 368.0, 18
358.0, 360.0, 18
351.0, 374.0, 18
360.0, 378.0, 18
358.0, 366.0, 18
358.0, 371.0, 18
349.0, 372.0, 18
344.0, 371.0, 18
353.0, 372.0, 18
357.0, 361.0, 18
343.0, 373.0, 18
350.0, 375.0, 18
347.0, 366.0, 18
359.0, 363.0, 18
347.0, 361.0, 18
499.0, 310.0, 11
496.0, 304.0, 11
510.0, 297.0, 11
510.0, 303.0, 11
508.0, 302.0, 11
508.0, 309.0, 11
496.0, 296.0, 11
505.0, 296.0, 11
512.0, 299.0, 11
510.0, 305.0, 11
510.0, 317.0, 11
504.0, 309.0, 11
498.0, 315.0, 11
513.0, 310.0, 11
507.0, 306.0, 11
506.0, 304.0, 11
511.0, 314.0, 11
505.0, 300.0, 11
496.0, 309.0, 11
499.0, 298.0, 11
511.0, 309.0, 11
494.0, 302.0, 11
501.0, 301.0, 11
505.0, 303.0, 11
500.0, 306.0, 11
494.0, 311.0, 11
500.0, 319.0, 11
499.0, 313.0, 11
500.0, 320.0, 11
494.0, 312.0, 11
507.0, 323.0, 11
496.0, 313.0, 11
495.0, 305.0, 11
498.0, 323.0, 11
508.0, 321.0, 11
503.0, 311.0, 11
507.0, 320.0, 11
510.0, 316.0, 11
507.0, 309.0, 11
503.0, 315.0, 11
500.0, 316.0, 11
501.0, 318.0, 11
494.0, 310.0, 11
496.0, 314.0, 11
509.0, 310.0, 11
500.0, 311.0, 11
508.0, 326.0, 11
491.0, 323.0, 11
492.0, 332.0, 19
483.0, 337.0, 19
487.0, 323.0, 11
499.0, 323.0, 11
492.0, 323.0, 11
501.0, 328.0, 11
499.0, 327.0, 11
482.0, 329.0, 11
489.0, 336.0, 19
487.0, 342.0, 19
489.0, 344.0, 15
494.0, 342.0, 15
488.0, 335.0, 19
488.0, 343.0, 19
490.0, 332.0, 19
476.0, 336.0, 14
485.0, 336.0, 19
483.0, 343.0, 19
495.0, 351.0, 15
478.0, 351.0, 14
491.0, 346.0, 15
483.0, 339.0, 19
474.0, 347.0, 14
489.0, 343.0, 19
489.0, 358.0, 15
476.0, 350.0, 14
480.0, 343.0, 14
487.0, 339.0, 19
470.0, 343.0, 14
472.0, 348.0, 14
478.0, 339.0, 14
470.0, 352.0, 14
470.0, 350.0, 14
475.0, 349.0, 14
482.0, 347.0, 14
466.0, 350.0, 14
474.0, 361.0, 14
465.0, 347.0, 14
475.0, 356.0, 14
480.0, 344.0, 14
466.0, 345.0, 14
461.0, 363.0, 14
459.0, 352.0, 14
472.0, 359.0, 14
475.0, 351.0, 14
468.0, 360.0, 14
464.0, 357.0, 14
476.0, 355.0, 14
462.0, 364.0, 14
452.0, 365.0, 14
454.0, 367.0, 14
462.0, 367.0, 14
453.0, 366.0, 14
467.0, 366.0, 14
470.0, 372.0, 15
456.0, 373.0, 14
457.0, 367.0, 14
470.0, 358.0, 14
456.0, 358.0, 14
463.0, 362.0, 14
447.0, 368.0, 14
462.0, 361.0, 14
451.0, 366.0, 14
453.0, 375.0, 14
445.0, 374.0, 16
463.0, 371.0, 15
448.0, 372.0, 14
442.0, 370.0, 14
444.0, 377.0, 16
435.0, 368.0, 3
436.0, 372.0, 3
429.0, 367.0, 3
444.0, 385.0, 16
435.0, 383.0, 16
435.0, 381.0, 16
441.0, 378.0, 16
442.0, 368.0, 3
439.0, 381.0, 16
430.0, 373.0, 16
432.0, 379.0, 16
425.0, 386.0, 3
436.0, 385.0, 16
442.0, 384.0, 16
429.0, 377.0, 16
432.0, 383.0, 16
420.0, 375.0, 3
425.0, 380.0, 3
423.0, 370.0, 3
420.0, 376.0, 3
435.0, 379.0, 16
424.0, 389.0, 3
430.0, 374.0, 16
429.0, 378.0, 16
415.0, 380.0, 3
421.0, 378.0, 3
418.0, 377.0, 3
423.0, 383.0, 3
427.0, 375.0, 16
413.0, 381.0, 3
429.0, 379.0, 16
421.0, 380.0, 3
414.0, 377.0, 3
417.0, 390.0, 3
419.0, 382.0, 3
417.0, 383.0, 3
411.0, 377.0, 3
407.0, 386.0, 17
422.0, 374.0, 3
419.0, 383.0, 3
418.0, 379.0, 3
408.0, 381.0, 3
494.0, 309.0, 11
484.0, 305.0, 11
493.0, 296.0, 11
494.0, 299.0, 11
484.0, 303.0, 11
487.0, 303.0, 11
483.0, 311.0, 11
487.0, 302.0, 11
492.0, 303.0, 11
486.0, 298.0, 11
488.0, 301.0, 11
491.0, 314.0, 11
485.0, 309.0, 11
487.0, 316.0, 11
490.0, 298.0, 11
487.0, 308.0, 11
485.0, 312.0, 11
471.0, 309.0, 11
481.0, 318.0, 11
489.0, 308.0, 11
488.0, 308.0, 11
489.0, 315.0, 11
490.0, 317.0, 11
472.0, 318.0, 11
482.0, 305.0, 11
477.0, 312.0, 11
478.0, 307.0, 11
465.0, 319.0, 11
477.0, 331.0, 11
483.0, 324.0, 11
481.0, 317.0, 11
479.0, 327.0, 11
476.0, 317.0, 11
477.0, 329.0, 11
467.0, 315.0, 11
478.0, 327.0, 11
482.0, 326.0, 11
470.0, 328.0, 11
464.0, 333.0, 11
478.0, 338.0, 14
477.0, 328.0, 11
466.0, 327.0, 11
463.0, 329.0, 11
460.0, 339.0, 11
475.0, 337.0, 14
473.0, 324.0, 11
467.0, 340.0, 14
465.0, 325.0, 11
462.0, 332.0, 11
475.0, 330.0, 11
465.0, 333.0, 11
457.0, 342.0, 11
463.0, 337.0, 11
463.0, 325.0, 11
468.0, 348.0, 14
460.0, 348.0, 14
457.0, 334.0, 11
465.0, 346.0, 14
461.0, 337.0, 11
461.0, 342.0, 11
462.0, 336.0, 11
451.0, 345.0, 11
458.0, 337.0, 11
455.0, 340.0, 11
457.0, 343.0, 11
453.0, 339.0, 11
463.0, 351.0, 14
455.0, 350.0, 11
452.0, 345.0, 11
456.0, 346.0, 11
444.0, 341.0, 13
453.0, 347.0, 11
446.0, 347.0, 13
461.0, 352.0, 14
443.0, 341.0, 13
442.0, 339.0, 13
438.0, 348.0, 13
436.0, 352.0, 3
439.0, 357.0, 3
453.0, 360.0, 14
455.0, 353.0, 14
453.0, 343.0, 11
444.0, 353.0, 3
442.0, 358.0, 3
444.0, 350.0, 13
453.0, 359.0, 14
439.0, 361.0, 3
445.0, 348.0, 13
442.0, 349.0, 13
431.0, 363.0, 3
436.0, 351.0, 13
440.0, 347.0, 13
435.0, 347.0, 13
444.0, 357.0, 3
433.0, 363.0, 3
440.0, 350.0, 13
444.0, 356.0, 3
427.0, 359.0, 3
427.0, 361.0, 3
434.0, 349.0, 13
445.0, 353.0, 13
432.0, 363.0, 3
445.0, 351.0, 13
445.0, 357.0, 3
438.0, 352.0, 3
424.0, 365.0, 3
419.0, 365.0, 3
425.0, 364.0, 3
417.0, 371.0, 3
413.0, 362.0, 3
423.0, 367.0, 3
406.0, 363.0, 3
408.0, 361.0, 3
413.0, 357.0, 3
408.0, 358.0, 3
412.0, 365.0, 3
410.0, 358.0, 3
407.0, 365.0, 3
404.0, 368.0, 3
402.0, 371.0, 3
392.0, 373.0, 3
394.0, 369.0, 3
397.0, 359.0, 3
407.0, 366.0, 3
394.0, 362.0, 3
399.0, 375.0, 3
390.0, 363.0, 3
393.0, 358.0, 3
398.0, 377.0, 3
387.0, 362.0, 3
402.0, 368.0, 3
390.0, 364.0, 3
403.0, 367.0, 3
387.0, 375.0, 18
394.0, 359.0, 3
376.0, 363.0, 18
395.0, 359.0, 3
388.0, 360.0, 3
394.0, 368.0, 3
389.0, 360.0, 3
385.0, 362.0, 3
374.0, 371.0, 18
373.0, 365.0, 18
373.0, 373.0, 18
388.0, 367.0, 3
386.0, 370.0, 3
385.0, 375.0, 18
364.0, 364.0, 18
374.0, 377.0, 18
378.0, 370.0, 18
362.0, 362.0, 18
373.0, 379.0, 18
375.0, 368.0, 18
372.0, 362.0, 18
364.0, 377.0, 18
360.0, 364.0, 18
360.0, 376.0, 18
373.0, 371.0, 18
368.0, 372.0, 18
368.0, 370.0, 18
368.0, 368.0, 18
444.0, 259.0, 4
450.0, 270.0, 4
454.0, 268.0, 4
444.0, 265.0, 4
450.0, 272.0, 4
454.0, 260.0, 4
458.0, 260.0, 4
460.0, 271.0, 4
445.0, 262.0, 4
456.0, 258.0, 4
460.0, 270.0, 4
453.0, 261.0, 4
448.0, 268.0, 4
456.0, 267.0, 4
452.0, 258.0, 4
455.0, 272.0, 4
448.0, 255.0, 4
448.0, 263.0, 4
448.0, 257.0, 4
444.0, 256.0, 4
460.0, 263.0, 4
460.0, 267.0, 4
446.0, 269.0, 4
451.0, 265.0, 4
453.0, 259.0, 4
445.0, 255.0, 4
453.0, 258.0, 4
453.0, 265.0, 4
446.0, 270.0, 4
449.0, 259.0, 4
448.0, 272.0, 4
461.0, 258.0, 4
457.0, 273.0, 4
455.0, 263.0, 4
450.0, 263.0, 4
459.0, 266.0, 4
453.0, 262.0, 4
443.0, 272.0, 4
451.0, 271.0, 4
450.0, 268.0, 4
457.0, 257.0, 4
460.0, 257.0, 4
454.0, 265.0, 4
443.0, 265.0, 4
455.0, 269.0, 4
456.0, 268.0, 4
456.0, 273.0, 4
457.0, 266.0, 4
459.0, 276.0, 4
458.0, 269.0, 4
453.0, 267.0, 4
461.0, 274.0, 4
448.0, 278.0, 4
457.0, 260.0, 4
452.0, 264.0, 4
443.0, 264.0, 4
460.0, 264.0, 4
451.0, 274.0, 4
444.0, 267.0, 4
450.0, 259.0, 4
453.0, 269.0, 4
446.0, 267.0, 4
456.0, 263.0, 4
462.0, 271.0, 4
450.0, 275.0, 4
457.0, 262.0, 4
456.0, 264.0, 4
448.0, 261.0, 4
450.0, 258.0, 4
447.0, 262.0, 4
448.0, 265.0, 4
448.0, 266.0, 4
443.0, 267.0, 4
453.0, 257.0, 4
447.0, 258.0, 4
444.0, 268.0, 4
449.0, 270.0, 4
456.0, 255.0, 4
457.0, 261.0, 4
456.0, 271.0, 4
449.0, 254.0, 4
448.0, 264.0, 4
461.0, 262.0, 4
460.0, 262.0, 4
459.0, 269.0, 4
447.0, 271.0, 4
455.0, 255.0, 4
462.0, 260.0, 4
443.0, 271.0, 4
454.0, 271.0, 4
461.0, 263.0, 4
451.0, 258.0, 4
455.0, 259.0, 4
462.0, 266.0, 4
449.0, 266.0, 4
451.0, 257.0, 4
450.0, 253.0, 4
443.0, 256.0, 4
446.0, 268.0, 4
453.0, 260.0, 4
457.0, 263.0, 4
458.0, 259.0, 4
448.0, 262.0, 4
440.0, 254.0, 4
450.0, 255.0, 4
454.0, 266.0, 4
447.0, 252.0, 4
441.0, 261.0, 4
452.0, 263.0, 4
449.0, 260.0, 4
447.0, 254.0, 4
452.0, 267.0, 4
443.0, 261.0, 4
457.0, 255.0, 4
448.0, 254.0, 4
446.0, 260.0, 4
442.0, 258.0, 4
442.0, 264.0, 4
445.0, 260.0, 4
454.0, 259.0, 4
441.0, 251.0, 4
446.0, 253.0, 4
439.0, 258.0, 4
452.0, 260.0, 4
445.0, 256.0, 4
440.0, 255.0, 4
438.0, 259.0, 4
